personal_information_firstname,personal_information_lastname,personal_information_middlename,personal_information_extension_name,personal_information_gender,personal_information_contact,personal_information_email,personal_information_birthday,personal_information_civil_status,address_details_region,address_details_province,address_details_city_municipality,address_details_brgy,address_details_district_street,employment_information_occupation,employment_information_sector_of_employment,employment_information_salary,emergency_contact_fullname,emergency_contact_number,emergency_contact_address,volunteer_details_registration_type,volunteer_details_group_name,endorsement_sponsor_who_invite
John,CRUZ,PEREZ,IV,MALE,09150537199,john.cruz0@example.com,1985-09-23,SEPARATED,030000000,035400000,035416000,035416001,185 RIZAL ST.,Teacher,PRIVATE,30000,Ana TORRES,09888789775,ADDRESS,ALLIANCE,3,Mark GARCIA
Mark,REYES,PEREZ,JR,FEMALE,09888387922,mark.reyes1@example.com,2001-07-28,SEPARATED,050000000,050500000,050517000,050517001,126 RIZAL ST.,Teacher,PRIVATE,30000,Paolo GARCIA,09889403277,ADDRESS,SECTORIAL,5,Jose SANTOS
Carla,CRUZ,LOPEZ,,MALE,09246714203,carla.cruz2@example.com,1998-02-14,SEPARATED,050000000,050500000,050517000,050517001,183 RIZAL ST.,Driver,GOVERNMENT,30000,Carla GARCIA,09366490931,ADDRESS,ALLIANCE,1,Jose REYES
Mark,CRUZ,PEREZ,I,MALE,09056776550,mark.cruz3@example.com,1965-03-02,SINGLE,040000000,043400000,043405000,043405001,543 RIZAL ST.,Driver,PRIVATE,15000,Maria REYES,09767477875,ADDRESS,ALLIANCE,5,Carla SANTOS
Maria,TORRES,,III,FEMALE,09907168557,maria.torres4@example.com,1970-06-23,SEPARATED,130000000,137400000,137404000,137404021,376 RIZAL ST.,Driver,GOVERNMENT,22000,Mark GARCIA,09095786654,ADDRESS,SECTORIAL,4,Mark SANTOS
Juan,TORRES,PEREZ,,MALE,09604243589,juan.torres5@example.com,1995-12-26,WIDOWED,070000000,072200000,072217000,072217001,21 RIZAL ST.,Driver,PRIVATE,15000,Ana TORRES,09908139686,ADDRESS,INDIVIDUAL,3,Jose CRUZ
Ana,SANTOS,PEREZ,SR,MALE,09047619332,ana.santos6@example.com,1990-10-03,MARRIED,130000000,137400000,137404000,137404021,922 RIZAL ST.,Teacher,GOVERNMENT,30000,Carla REYES,09381684278,ADDRESS,INDIVIDUAL,1,Jose CRUZ
Carla,GARCIA,PEREZ,SR,FEMALE,09055745251,carla.garcia7@example.com,1977-06-17,SINGLE,010000000,012800000,012812000,012812001,135 RIZAL ST.,Teacher,GOVERNMENT,30000,Carla GARCIA,09602691161,ADDRESS,SECTORIAL,5,Jose TORRES
Maria,CRUZ,PEREZ,JR,FEMALE,09857671441,maria.cruz8@example.com,1971-07-22,SINGLE,040000000,043400000,043405000,043405001,315 RIZAL ST.,Engineer,PRIVATE,15000,John CRUZ,09640652711,ADDRESS,INDIVIDUAL,4,Jose REYES
Paolo,GARCIA,LOPEZ,,MALE,09555732775,paolo.garcia9@example.com,1963-12-07,SINGLE,040000000,043400000,043405000,043405001,499 RIZAL ST.,Teacher,GOVERNMENT,30000,Ana SANTOS,09196625238,ADDRESS,SECTORIAL,1,Ana REYES
Carla,REYES,,IV,FEMALE,09445788758,carla.reyes10@example.com,1974-10-23,MARRIED,010000000,012800000,012812000,012812001,552 RIZAL ST.,Teacher,GOVERNMENT,15000,Carla GARCIA,09181123918,ADDRESS,SECTORIAL,4,Juan SANTOS
Juan,CRUZ,PEREZ,IV,FEMALE,09803653118,juan.cruz11@example.com,2001-08-17,MARRIED,030000000,031400000,031412000,031412001,114 RIZAL ST.,Teacher,N/A,30000,Mark CRUZ,09370742384,ADDRESS,ALLIANCE,1,Carla CRUZ
Mark,GARCIA,LOPEZ,IV,FEMALE,09044702231,mark.garcia12@example.com,1998-11-28,SINGLE,040000000,043400000,043405000,043405001,485 RIZAL ST.,Engineer,PRIVATE,22000,Carla CRUZ,09784468319,ADDRESS,SECTORIAL,1,Ana TORRES
John,SANTOS,,I,FEMALE,09732019076,john.santos13@example.com,1995-12-05,WIDOWED,030000000,031400000,031412000,031412001,79 RIZAL ST.,Teacher,GOVERNMENT,15000,Jose CRUZ,09244005999,ADDRESS,INDIVIDUAL,3,Paolo REYES
John,REYES,PEREZ,III,FEMALE,09598271043,john.reyes14@example.com,1969-11-04,MARRIED,130000000,137400000,137404000,137404021,812 RIZAL ST.,Engineer,PRIVATE,22000,Mark CRUZ,09034079310,ADDRESS,INDIVIDUAL,5,Maria TORRES
Maria,TORRES,PEREZ,III,MALE,09808490767,maria.torres15@example.com,2003-04-05,SINGLE,040000000,043400000,043405000,043405001,508 RIZAL ST.,Engineer,PRIVATE,30000,Juan SANTOS,09197576624,ADDRESS,SECTORIAL,5,John SANTOS
Jose,REYES,LOPEZ,III,MALE,09941390604,jose.reyes16@example.com,1966-03-26,WIDOWED,010000000,012800000,012812000,012812001,263 RIZAL ST.,Teacher,N/A,22000,Paolo TORRES,09588492078,ADDRESS,INDIVIDUAL,5,Mark GARCIA
Maria,TORRES,,I,MALE,09574314168,maria.torres17@example.com,1965-12-18,SINGLE,060000000,063000000,063022000,063022001,974 RIZAL ST.,Driver,PRIVATE,30000,Ana TORRES,09948748653,ADDRESS,INDIVIDUAL,5,Maria SANTOS
Paolo,TORRES,PEREZ,I,FEMALE,09474976489,paolo.torres18@example.com,1990-03-24,MARRIED,070000000,072200000,072217000,072217001,303 RIZAL ST.,Teacher,GOVERNMENT,22000,John GARCIA,09970499853,ADDRESS,INDIVIDUAL,5,John TORRES
Carla,CRUZ,,II,FEMALE,09103972389,carla.cruz19@example.com,1970-12-29,WIDOWED,130000000,137400000,137404000,137404021,218 RIZAL ST.,Driver,PRIVATE,22000,Ana SANTOS,09960227073,ADDRESS,INDIVIDUAL,3,Maria REYES
Carla,TORRES,PEREZ,II,FEMALE,09821598398,carla.torres20@example.com,2005-08-11,WIDOWED,010000000,012800000,012812000,012812001,466 RIZAL ST.,Engineer,GOVERNMENT,15000,Maria CRUZ,09433396302,ADDRESS,ALLIANCE,2,Mark CRUZ
Mark,CRUZ,,IV,MALE,09992655953,mark.cruz21@example.com,1989-05-05,SINGLE,130000000,137400000,137404000,137404021,837 RIZAL ST.,Engineer,N/A,22000,Juan CRUZ,09663693696,ADDRESS,ALLIANCE,3,Juan REYES
Paolo,REYES,,I,MALE,09764630804,paolo.reyes22@example.com,1986-05-16,WIDOWED,070000000,072200000,072217000,072217001,131 RIZAL ST.,Teacher,GOVERNMENT,30000,Ana SANTOS,09993055375,ADDRESS,INDIVIDUAL,1,Ana SANTOS
Maria,SANTOS,LOPEZ,SR,MALE,09023556787,maria.santos23@example.com,1963-08-19,SINGLE,040000000,043400000,043405000,043405001,830 RIZAL ST.,Driver,PRIVATE,22000,Jose GARCIA,09244708770,ADDRESS,SECTORIAL,5,Maria GARCIA
Maria,REYES,LOPEZ,I,MALE,09002888977,maria.reyes24@example.com,1965-12-10,SEPARATED,050000000,050500000,050517000,050517001,490 RIZAL ST.,Driver,N/A,22000,Jose SANTOS,09103674332,ADDRESS,SECTORIAL,4,Carla SANTOS
Juan,CRUZ,LOPEZ,JR,FEMALE,09806237854,juan.cruz25@example.com,1993-06-11,SINGLE,130000000,137400000,137404000,137404021,382 RIZAL ST.,Engineer,PRIVATE,22000,Maria TORRES,09886501894,ADDRESS,INDIVIDUAL,4,Ana TORRES
Paolo,REYES,PEREZ,II,FEMALE,09551828522,paolo.reyes26@example.com,1997-03-06,WIDOWED,030000000,035400000,035416000,035416001,703 RIZAL ST.,Teacher,N/A,15000,Jose GARCIA,09839767284,ADDRESS,INDIVIDUAL,3,Juan SANTOS
Mark,SANTOS,LOPEZ,I,MALE,09761842772,mark.santos27@example.com,2004-09-05,SINGLE,130000000,137400000,137404000,137404021,352 RIZAL ST.,Teacher,GOVERNMENT,15000,John TORRES,09753107172,ADDRESS,ALLIANCE,3,Ana GARCIA
Ana,GARCIA,LOPEZ,,MALE,09809801735,ana.garcia28@example.com,1990-08-31,SEPARATED,030000000,031400000,031412000,031412001,960 RIZAL ST.,Teacher,PRIVATE,15000,Jose SANTOS,09318407007,ADDRESS,INDIVIDUAL,2,John REYES
Mark,REYES,PEREZ,I,MALE,09063866043,mark.reyes29@example.com,2003-04-29,MARRIED,040000000,043400000,043405000,043405001,491 RIZAL ST.,Driver,PRIVATE,22000,Maria SANTOS,09796970197,ADDRESS,ALLIANCE,4,Ana SANTOS
Carla,REYES,,IV,FEMALE,09299457077,carla.reyes30@example.com,1969-06-06,SEPARATED,040000000,043400000,043405000,043405001,673 RIZAL ST.,Engineer,GOVERNMENT,22000,Ana SANTOS,09604438194,ADDRESS,SECTORIAL,4,Ana REYES
Jose,SANTOS,LOPEZ,,FEMALE,09337109158,jose.santos31@example.com,1982-10-19,MARRIED,030000000,031400000,031412000,031412001,957 RIZAL ST.,Teacher,PRIVATE,30000,Mark GARCIA,09259921648,ADDRESS,INDIVIDUAL,1,Mark GARCIA
Jose,REYES,LOPEZ,,MALE,09747868057,jose.reyes32@example.com,1987-04-03,MARRIED,130000000,137400000,137404000,137404021,263 RIZAL ST.,Engineer,GOVERNMENT,15000,Paolo SANTOS,09591105046,ADDRESS,ALLIANCE,3,Juan TORRES
Carla,GARCIA,,SR,FEMALE,09500577488,carla.garcia33@example.com,2003-04-09,WIDOWED,070000000,072200000,072217000,072217001,914 RIZAL ST.,Engineer,GOVERNMENT,15000,Mark TORRES,09913352912,ADDRESS,SECTORIAL,5,Paolo CRUZ
Carla,SANTOS,,SR,FEMALE,09706979112,carla.santos34@example.com,1993-11-21,WIDOWED,030000000,035400000,035416000,035416001,989 RIZAL ST.,Teacher,PRIVATE,22000,Juan GARCIA,09677404192,ADDRESS,SECTORIAL,3,Mark GARCIA
Paolo,CRUZ,LOPEZ,III,MALE,09610428025,paolo.cruz35@example.com,1973-04-02,SEPARATED,030000000,031400000,031412000,031412001,686 RIZAL ST.,Engineer,N/A,22000,Jose TORRES,09747660736,ADDRESS,SECTORIAL,5,Ana GARCIA
Jose,SANTOS,,IV,FEMALE,09738249351,jose.santos36@example.com,2004-03-17,SEPARATED,040000000,043400000,043405000,043405001,404 RIZAL ST.,Engineer,GOVERNMENT,30000,Maria CRUZ,09685073996,ADDRESS,ALLIANCE,4,Maria REYES
Carla,REYES,LOPEZ,I,FEMALE,09056353062,carla.reyes37@example.com,2000-07-25,SEPARATED,040000000,043400000,043405000,043405001,835 RIZAL ST.,Teacher,N/A,15000,Maria SANTOS,09604838634,ADDRESS,INDIVIDUAL,4,Mark CRUZ
Paolo,GARCIA,LOPEZ,IV,FEMALE,09816611395,paolo.garcia38@example.com,1990-04-24,WIDOWED,130000000,137400000,137404000,137404021,983 RIZAL ST.,Engineer,GOVERNMENT,22000,Jose SANTOS,09338087372,ADDRESS,SECTORIAL,3,Paolo TORRES
Jose,REYES,LOPEZ,IV,MALE,09868431688,jose.reyes39@example.com,1982-01-22,WIDOWED,030000000,031400000,031412000,031412001,899 RIZAL ST.,Driver,PRIVATE,22000,Mark GARCIA,09283286523,ADDRESS,ALLIANCE,3,Jose SANTOS
Jose,CRUZ,LOPEZ,JR,FEMALE,09405626946,jose.cruz40@example.com,1988-09-27,WIDOWED,040000000,043400000,043405000,043405001,890 RIZAL ST.,Teacher,GOVERNMENT,30000,John TORRES,09987872703,ADDRESS,INDIVIDUAL,4,Paolo REYES
John,REYES,LOPEZ,JR,MALE,09921736604,john.reyes41@example.com,1984-07-22,WIDOWED,070000000,072200000,072217000,072217001,548 RIZAL ST.,Driver,PRIVATE,15000,Maria SANTOS,09314487718,ADDRESS,INDIVIDUAL,4,Jose TORRES
John,SANTOS,LOPEZ,JR,FEMALE,09869584865,john.santos42@example.com,1977-06-30,WIDOWED,050000000,050500000,050517000,050517001,140 RIZAL ST.,Engineer,PRIVATE,30000,Paolo REYES,09460542490,ADDRESS,ALLIANCE,4,Mark REYES
Ana,REYES,,IV,FEMALE,09849152196,ana.reyes43@example.com,1987-10-15,SEPARATED,010000000,012800000,012812000,012812001,971 RIZAL ST.,Teacher,PRIVATE,30000,Carla TORRES,09539987764,ADDRESS,ALLIANCE,5,Juan TORRES
Paolo,GARCIA,LOPEZ,,MALE,09094629433,paolo.garcia44@example.com,1976-05-13,WIDOWED,030000000,035400000,035416000,035416001,101 RIZAL ST.,Driver,GOVERNMENT,15000,Mark TORRES,09937222030,ADDRESS,ALLIANCE,1,Paolo SANTOS
Maria,REYES,,SR,MALE,09015716234,maria.reyes45@example.com,1991-05-20,WIDOWED,040000000,043400000,043405000,043405001,359 RIZAL ST.,Driver,N/A,30000,Ana SANTOS,09957961041,ADDRESS,INDIVIDUAL,3,John REYES
Maria,SANTOS,PEREZ,II,FEMALE,09170092430,maria.santos46@example.com,1984-02-20,SEPARATED,010000000,012800000,012812000,012812001,297 RIZAL ST.,Teacher,GOVERNMENT,22000,Carla TORRES,09564377993,ADDRESS,INDIVIDUAL,4,Juan TORRES
John,GARCIA,,SR,MALE,09968612890,john.garcia47@example.com,1984-01-18,SEPARATED,030000000,035400000,035416000,035416001,322 RIZAL ST.,Teacher,PRIVATE,30000,Mark CRUZ,09055566176,ADDRESS,ALLIANCE,3,Carla CRUZ
John,SANTOS,,I,MALE,09601820595,john.santos48@example.com,1987-07-30,SEPARATED,030000000,035400000,035416000,035416001,363 RIZAL ST.,Engineer,GOVERNMENT,15000,Maria REYES,09936652529,ADDRESS,ALLIANCE,3,John CRUZ
Ana,CRUZ,,II,MALE,09206423319,ana.cruz49@example.com,1984-03-06,SINGLE,040000000,043400000,043405000,043405001,691 RIZAL ST.,Engineer,N/A,22000,Juan CRUZ,09338859106,ADDRESS,INDIVIDUAL,4,Carla SANTOS
Jose,GARCIA,PEREZ,IV,FEMALE,09319191413,jose.garcia50@example.com,1985-01-19,MARRIED,040000000,043400000,043405000,043405001,260 RIZAL ST.,Teacher,GOVERNMENT,22000,Maria SANTOS,09723873270,ADDRESS,SECTORIAL,3,Maria SANTOS
Juan,SANTOS,PEREZ,SR,MALE,09737338914,juan.santos51@example.com,2004-04-13,SEPARATED,130000000,137400000,137404000,137404021,943 RIZAL ST.,Teacher,GOVERNMENT,15000,Juan REYES,09901141999,ADDRESS,ALLIANCE,1,Mark REYES
Jose,REYES,LOPEZ,II,FEMALE,09428957224,jose.reyes52@example.com,1965-02-12,SEPARATED,030000000,035400000,035416000,035416001,8 RIZAL ST.,Driver,GOVERNMENT,30000,John REYES,09393734371,ADDRESS,INDIVIDUAL,5,Jose TORRES
Maria,CRUZ,LOPEZ,JR,FEMALE,09110253884,maria.cruz53@example.com,1983-12-04,MARRIED,020000000,023100000,023114000,023114001,73 RIZAL ST.,Engineer,PRIVATE,15000,Juan CRUZ,09698644664,ADDRESS,INDIVIDUAL,3,Paolo SANTOS
John,CRUZ,PEREZ,I,FEMALE,09649578397,john.cruz54@example.com,1970-07-22,MARRIED,040000000,043400000,043405000,043405001,363 RIZAL ST.,Engineer,N/A,15000,John TORRES,09827261885,ADDRESS,SECTORIAL,3,Ana SANTOS
John,REYES,PEREZ,I,FEMALE,09071845108,john.reyes55@example.com,2005-02-06,SINGLE,030000000,031400000,031412000,031412001,828 RIZAL ST.,Driver,PRIVATE,15000,Maria GARCIA,09197816231,ADDRESS,INDIVIDUAL,1,Juan SANTOS
Jose,TORRES,,IV,FEMALE,09844649717,jose.torres56@example.com,1988-05-31,SINGLE,030000000,031400000,031412000,031412001,854 RIZAL ST.,Teacher,PRIVATE,30000,Jose SANTOS,09307469056,ADDRESS,SECTORIAL,1,Jose REYES
Carla,CRUZ,LOPEZ,I,FEMALE,09109349504,carla.cruz57@example.com,1991-11-30,MARRIED,030000000,031400000,031412000,031412001,755 RIZAL ST.,Engineer,N/A,30000,Mark REYES,09180923534,ADDRESS,ALLIANCE,1,Ana CRUZ
Ana,GARCIA,PEREZ,SR,FEMALE,09783028755,ana.garcia58@example.com,1962-10-29,SINGLE,030000000,035400000,035416000,035416001,383 RIZAL ST.,Engineer,N/A,30000,Carla CRUZ,09844884643,ADDRESS,ALLIANCE,2,Mark GARCIA
Maria,CRUZ,,I,MALE,09166995013,maria.cruz59@example.com,1992-07-21,MARRIED,030000000,035400000,035416000,035416001,938 RIZAL ST.,Teacher,GOVERNMENT,15000,Paolo TORRES,09562864742,ADDRESS,INDIVIDUAL,4,John CRUZ
Juan,GARCIA,LOPEZ,,MALE,09849745660,juan.garcia60@example.com,2001-09-13,WIDOWED,040000000,043400000,043405000,043405001,202 RIZAL ST.,Teacher,PRIVATE,15000,Jose GARCIA,09641257953,ADDRESS,ALLIANCE,4,Juan SANTOS
Mark,GARCIA,LOPEZ,II,MALE,09773148246,mark.garcia61@example.com,2002-05-23,SINGLE,030000000,035400000,035416000,035416001,72 RIZAL ST.,Teacher,N/A,22000,Maria TORRES,09951441447,ADDRESS,ALLIANCE,1,Paolo TORRES
Mark,SANTOS,PEREZ,II,MALE,09343211663,mark.santos62@example.com,1981-01-25,SEPARATED,030000000,035400000,035416000,035416001,145 RIZAL ST.,Driver,PRIVATE,15000,Paolo REYES,09384780681,ADDRESS,INDIVIDUAL,4,Juan CRUZ
Juan,CRUZ,PEREZ,,MALE,09230974786,juan.cruz63@example.com,1995-05-22,WIDOWED,040000000,043400000,043405000,043405001,131 RIZAL ST.,Teacher,N/A,22000,John REYES,09754315184,ADDRESS,INDIVIDUAL,5,Jose GARCIA
Maria,CRUZ,PEREZ,I,MALE,09347900012,maria.cruz64@example.com,1981-04-11,MARRIED,020000000,023100000,023114000,023114001,880 RIZAL ST.,Engineer,PRIVATE,30000,Maria SANTOS,09423851045,ADDRESS,ALLIANCE,1,Carla REYES
Ana,GARCIA,,III,FEMALE,09779685013,ana.garcia65@example.com,1998-06-14,WIDOWED,030000000,031400000,031412000,031412001,695 RIZAL ST.,Driver,GOVERNMENT,22000,Paolo CRUZ,09614068245,ADDRESS,ALLIANCE,5,Paolo GARCIA
Jose,CRUZ,PEREZ,IV,FEMALE,09204808407,jose.cruz66@example.com,1978-12-08,MARRIED,110000000,112400000,112402000,112402001,370 RIZAL ST.,Teacher,N/A,30000,Paolo TORRES,09885662074,ADDRESS,SECTORIAL,2,Paolo CRUZ
John,CRUZ,PEREZ,III,MALE,09919071831,john.cruz67@example.com,1988-12-30,WIDOWED,030000000,035400000,035416000,035416001,693 RIZAL ST.,Driver,GOVERNMENT,15000,Paolo GARCIA,09217886414,ADDRESS,INDIVIDUAL,3,Juan GARCIA
Ana,GARCIA,,JR,FEMALE,09507215634,ana.garcia68@example.com,1996-10-18,WIDOWED,040000000,043400000,043405000,043405001,677 RIZAL ST.,Engineer,PRIVATE,22000,Mark SANTOS,09842456692,ADDRESS,SECTORIAL,5,Maria TORRES
Jose,CRUZ,,III,FEMALE,09386474964,jose.cruz69@example.com,1965-01-28,WIDOWED,050000000,050500000,050517000,050517001,332 RIZAL ST.,Engineer,GOVERNMENT,30000,John TORRES,09800228893,ADDRESS,ALLIANCE,5,Mark GARCIA
Maria,TORRES,LOPEZ,III,MALE,09098257766,maria.torres70@example.com,1974-11-06,MARRIED,030000000,035400000,035416000,035416001,916 RIZAL ST.,Teacher,PRIVATE,22000,John SANTOS,09283740413,ADDRESS,INDIVIDUAL,4,Jose TORRES
Mark,TORRES,LOPEZ,JR,FEMALE,09188040691,mark.torres71@example.com,2004-07-02,MARRIED,040000000,043400000,043405000,043405001,194 RIZAL ST.,Driver,GOVERNMENT,22000,Mark GARCIA,09914314233,ADDRESS,SECTORIAL,1,Paolo CRUZ
Ana,TORRES,PEREZ,II,FEMALE,09019125341,ana.torres72@example.com,1982-07-27,SEPARATED,030000000,035400000,035416000,035416001,697 RIZAL ST.,Driver,PRIVATE,22000,John CRUZ,09204881504,ADDRESS,ALLIANCE,4,Maria REYES
Jose,CRUZ,PEREZ,JR,FEMALE,09598103512,jose.cruz73@example.com,1993-06-13,WIDOWED,050000000,050500000,050517000,050517001,110 RIZAL ST.,Driver,GOVERNMENT,30000,Maria TORRES,09466975556,ADDRESS,ALLIANCE,2,Maria GARCIA
Jose,CRUZ,PEREZ,III,MALE,09947106082,jose.cruz74@example.com,1981-01-28,MARRIED,040000000,043400000,043405000,043405001,775 RIZAL ST.,Driver,N/A,22000,Juan CRUZ,09256481707,ADDRESS,ALLIANCE,4,Paolo CRUZ
Mark,GARCIA,PEREZ,SR,MALE,09736818532,mark.garcia75@example.com,2004-02-14,MARRIED,050000000,050500000,050517000,050517001,991 RIZAL ST.,Engineer,PRIVATE,30000,Juan REYES,09382995203,ADDRESS,INDIVIDUAL,5,Ana REYES
Paolo,CRUZ,LOPEZ,JR,FEMALE,09854131745,paolo.cruz76@example.com,2005-07-08,WIDOWED,030000000,035400000,035416000,035416001,475 RIZAL ST.,Teacher,GOVERNMENT,15000,Mark GARCIA,09738480389,ADDRESS,ALLIANCE,1,Juan CRUZ
Paolo,SANTOS,LOPEZ,,MALE,09913816811,paolo.santos77@example.com,1966-05-05,SEPARATED,020000000,023100000,023114000,023114001,863 RIZAL ST.,Driver,GOVERNMENT,15000,Juan SANTOS,09109944714,ADDRESS,SECTORIAL,4,Juan GARCIA
Carla,REYES,LOPEZ,JR,FEMALE,09587112167,carla.reyes78@example.com,1973-07-16,SINGLE,030000000,031400000,031412000,031412001,394 RIZAL ST.,Driver,N/A,15000,John GARCIA,09737008442,ADDRESS,SECTORIAL,3,Paolo REYES
Paolo,CRUZ,LOPEZ,,MALE,09705202248,paolo.cruz79@example.com,1985-02-04,SINGLE,030000000,031400000,031412000,031412001,4 RIZAL ST.,Driver,GOVERNMENT,30000,Jose GARCIA,09871975551,ADDRESS,SECTORIAL,4,Paolo CRUZ
Mark,GARCIA,LOPEZ,I,MALE,09422264551,mark.garcia80@example.com,1968-04-03,MARRIED,040000000,043400000,043405000,043405001,329 RIZAL ST.,Engineer,PRIVATE,22000,John TORRES,09354058183,ADDRESS,SECTORIAL,5,Jose REYES
Ana,SANTOS,,III,FEMALE,09647804915,ana.santos81@example.com,1986-07-17,SINGLE,070000000,072200000,072217000,072217001,831 RIZAL ST.,Teacher,N/A,30000,Ana GARCIA,09619221924,ADDRESS,INDIVIDUAL,4,Ana REYES
Jose,TORRES,,III,FEMALE,09069228630,jose.torres82@example.com,2002-07-30,SEPARATED,030000000,031400000,031412000,031412001,659 RIZAL ST.,Teacher,GOVERNMENT,15000,Carla GARCIA,09899810216,ADDRESS,ALLIANCE,5,Carla GARCIA
Carla,TORRES,PEREZ,,FEMALE,09141251908,carla.torres83@example.com,1991-05-11,MARRIED,010000000,012800000,012812000,012812001,683 RIZAL ST.,Engineer,N/A,22000,Maria GARCIA,09420665103,ADDRESS,SECTORIAL,3,Juan TORRES
Ana,GARCIA,,I,FEMALE,09818359106,ana.garcia84@example.com,1995-01-12,SINGLE,010000000,012800000,012812000,012812001,561 RIZAL ST.,Engineer,N/A,15000,John SANTOS,09137804614,ADDRESS,SECTORIAL,4,Paolo GARCIA
John,SANTOS,PEREZ,III,FEMALE,09697020365,john.santos85@example.com,1962-09-03,MARRIED,110000000,112400000,112402000,112402001,380 RIZAL ST.,Teacher,PRIVATE,15000,Maria CRUZ,09743979215,ADDRESS,INDIVIDUAL,1,John REYES
Carla,GARCIA,,IV,MALE,09582564399,carla.garcia86@example.com,1990-06-17,SEPARATED,030000000,035400000,035416000,035416001,950 RIZAL ST.,Driver,GOVERNMENT,15000,John GARCIA,09149259049,ADDRESS,ALLIANCE,3,Maria GARCIA
Juan,SANTOS,,,FEMALE,09036998301,juan.santos87@example.com,1984-03-07,SINGLE,040000000,043400000,043405000,043405001,916 RIZAL ST.,Driver,PRIVATE,30000,Ana CRUZ,09020829866,ADDRESS,SECTORIAL,4,Ana SANTOS
John,CRUZ,LOPEZ,I,MALE,09998434721,john.cruz88@example.com,1996-07-04,SEPARATED,040000000,043400000,043405000,043405001,736 RIZAL ST.,Driver,GOVERNMENT,22000,Paolo GARCIA,09990884010,ADDRESS,ALLIANCE,4,Paolo REYES
Maria,TORRES,PEREZ,IV,MALE,09185806840,maria.torres89@example.com,1969-01-04,SINGLE,040000000,043400000,043405000,043405001,697 RIZAL ST.,Driver,N/A,15000,Carla REYES,09479509101,ADDRESS,ALLIANCE,1,Carla CRUZ
John,REYES,PEREZ,IV,MALE,09957745407,john.reyes90@example.com,1983-10-02,SEPARATED,030000000,031400000,031412000,031412001,208 RIZAL ST.,Driver,N/A,15000,Carla SANTOS,09973353664,ADDRESS,ALLIANCE,5,Maria REYES
Juan,REYES,,II,FEMALE,09881313448,juan.reyes91@example.com,1972-08-03,SINGLE,040000000,043400000,043405000,043405001,910 RIZAL ST.,Engineer,PRIVATE,15000,John CRUZ,09529669068,ADDRESS,INDIVIDUAL,5,Juan SANTOS
Ana,REYES,PEREZ,I,MALE,09698024099,ana.reyes92@example.com,1996-06-30,SINGLE,030000000,031400000,031412000,031412001,213 RIZAL ST.,Teacher,GOVERNMENT,30000,Mark TORRES,09076226897,ADDRESS,SECTORIAL,1,Carla SANTOS
Paolo,CRUZ,PEREZ,JR,MALE,09319465351,paolo.cruz93@example.com,1998-02-26,MARRIED,030000000,035400000,035416000,035416001,462 RIZAL ST.,Engineer,N/A,22000,Jose SANTOS,09171994478,ADDRESS,INDIVIDUAL,3,Juan TORRES
Juan,SANTOS,LOPEZ,III,MALE,09877064479,juan.santos94@example.com,1980-07-15,SEPARATED,040000000,043400000,043405000,043405001,784 RIZAL ST.,Engineer,GOVERNMENT,30000,Carla REYES,09860288929,ADDRESS,ALLIANCE,3,Ana CRUZ
Carla,CRUZ,PEREZ,II,MALE,09947551750,carla.cruz95@example.com,1974-07-24,SINGLE,110000000,112400000,112402000,112402001,106 RIZAL ST.,Teacher,PRIVATE,30000,Jose SANTOS,09901658663,ADDRESS,SECTORIAL,3,Carla CRUZ
Jose,GARCIA,LOPEZ,IV,MALE,09336250794,jose.garcia96@example.com,1983-07-14,WIDOWED,040000000,043400000,043405000,043405001,338 RIZAL ST.,Driver,N/A,22000,Carla CRUZ,09814811867,ADDRESS,INDIVIDUAL,2,Ana TORRES
Mark,GARCIA,PEREZ,I,FEMALE,09359516972,mark.garcia97@example.com,1960-04-09,SEPARATED,030000000,031400000,031412000,031412001,227 RIZAL ST.,Driver,GOVERNMENT,22000,Maria CRUZ,09394903523,ADDRESS,ALLIANCE,3,Jose REYES
Paolo,CRUZ,PEREZ,IV,MALE,09291108378,paolo.cruz98@example.com,2000-07-12,SEPARATED,030000000,035400000,035416000,035416001,867 RIZAL ST.,Engineer,GOVERNMENT,22000,Jose GARCIA,09343769754,ADDRESS,ALLIANCE,4,Maria GARCIA
John,REYES,PEREZ,II,FEMALE,09057484364,john.reyes99@example.com,1978-08-27,WIDOWED,130000000,137400000,137404000,137404021,668 RIZAL ST.,Engineer,PRIVATE,30000,Ana TORRES,09348511414,ADDRESS,ALLIANCE,2,Ana GARCIA
